{
  "train_loss": [
    4.787174320220947,
    4.745607042312622,
    4.696545680363973,
    4.651389996210734,
    4.6133680979410805,
    4.4800624052683515,
    4.129008197784424,
    3.5424360354741413,
    3.0175301233927407,
    2.5306751132011414,
    2.289113410313924,
    2.2320844491322833,
    2.0724838654200237,
    1.8849863370259603,
    1.7369566917419434,
    1.6730045795440673,
    1.655732556184133,
    1.552198867003123,
    1.5930398941040038,
    1.5622079809506735,
    1.5274160663286844,
    1.5278811971346538,
    1.5006183425585429,
    1.4708636323610942,
    1.4186622023582458,
    1.4915225028991699,
    1.4250044663747152,
    1.387100887298584,
    1.4015060504277548,
    1.4536379814147948
  ],
  "train_acc": [
    0.014583333333333334,
    0.04791666666666667,
    0.10416666666666667,
    0.21041666666666667,
    0.2708333333333333,
    0.28541666666666665,
    0.19791666666666666,
    0.29791666666666666,
    0.39791666666666664,
    0.51875,
    0.5770833333333333,
    0.5729166666666666,
    0.625,
    0.6875,
    0.7333333333333333,
    0.7583333333333333,
    0.775,
    0.8291666666666667,
    0.79375,
    0.8166666666666667,
    0.8166666666666667,
    0.8333333333333334,
    0.8354166666666667,
    0.8541666666666666,
    0.8916666666666667,
    0.8354166666666667,
    0.8770833333333333,
    0.8770833333333333,
    0.8791666666666667,
    0.85
  ],
  "val_loss": [
    4.768293635050456,
    4.739937845865885,
    4.71416072845459,
    4.685402488708496,
    4.6577245712280275,
    4.489041010538737,
    4.0522172768910725,
    3.4080955823262533,
    2.947143379847209,
    2.638583532969157,
    2.5007126172383627,
    2.4317474524180094,
    2.37598938147227,
    2.321181869506836,
    2.2936309734980265,
    2.264043362935384,
    2.2506077607472736,
    2.253688438733419,
    2.244665026664734,
    2.2386361837387083,
    2.240815862019857,
    2.232602580388387,
    2.2386902650197347,
    2.226129746437073,
    2.2287762641906737,
    2.2284014066060385,
    2.2280186573664347,
    2.22981808980306,
    2.2063971519470216,
    2.2099026521046956
  ],
  "val_acc": [
    0.03333333333333333,
    0.09166666666666666,
    0.15,
    0.225,
    0.2833333333333333,
    0.23333333333333334,
    0.325,
    0.425,
    0.45,
    0.48333333333333334,
    0.5416666666666666,
    0.5416666666666666,
    0.5916666666666667,
    0.5833333333333334,
    0.6,
    0.6,
    0.6166666666666667,
    0.575,
    0.6,
    0.6083333333333333,
    0.6166666666666667,
    0.5916666666666667,
    0.5916666666666667,
    0.5916666666666667,
    0.6166666666666667,
    0.6083333333333333,
    0.625,
    0.6083333333333333,
    0.6333333333333333,
    0.6166666666666667
  ],
  "val_top5": [
    0.11666666666666667,
    0.21666666666666667,
    0.36666666666666664,
    0.4583333333333333,
    0.5833333333333334,
    0.5083333333333333,
    0.6416666666666667,
    0.75,
    0.75,
    0.7583333333333333,
    0.7916666666666666,
    0.8,
    0.8416666666666667,
    0.825,
    0.8333333333333334,
    0.8666666666666667,
    0.8333333333333334,
    0.8333333333333334,
    0.8333333333333334,
    0.8166666666666667,
    0.8166666666666667,
    0.8416666666666667,
    0.8416666666666667,
    0.8333333333333334,
    0.8166666666666667,
    0.8333333333333334,
    0.8166666666666667,
    0.825,
    0.825,
    0.825
  ],
  "lr": [
    0.0002991810233575568,
    0.0002967330663097039,
    0.0002926829491861254,
    0.00028707504591756876,
    0.00027997079786577355,
    0.00015,
    0.00015,
    0.00015,
    0.00015,
    0.00015,
    0.00015,
    0.00015,
    0.00015,
    0.00015,
    0.00015,
    2.9999999999999997e-05,
    2.9999999999999997e-05,
    2.9999999999999997e-05,
    2.9999999999999997e-05,
    2.9999999999999997e-05,
    2.9999999999999997e-05,
    2.9999999999999997e-05,
    2.9999999999999997e-05,
    2.9999999999999997e-05,
    2.9999999999999997e-05,
    2.9999999999999997e-05,
    2.9999999999999997e-05,
    2.9999999999999997e-05,
    2.9999999999999997e-05,
    2.9999999999999997e-05
  ],
  "best_val_accuracy": 0.6333333333333333,
  "test_accuracy": 0.5833333333333334,
  "test_top5_accuracy": 0.8666666666666667,
  "config": {
    "epochs": 30,
    "lr": 0.0003,
    "weight_decay": 0.0001,
    "label_smoothing": 0.1,
    "patience": 7,
    "phase1_end": 5,
    "phase2_end": 15
  },
  "num_classes": 120,
  "total_train_images": 480
}