{
  "train_loss": [
    3.7044670426115696,
    3.3435176450379043,
    3.037121076973117,
    2.791155011313302,
    2.6068302183735126,
    1.690714564128798,
    1.3974866833005632,
    1.2660156432463199,
    1.1877688746063078,
    1.1096550929303073,
    1.0611633741125768,
    1.0305190864874392,
    0.9839877247810364,
    0.9587951397409245,
    0.918159852709089,
    0.8952397344063739,
    0.8753612924595269,
    0.8685889499528068,
    0.8641005610933109,
    0.8551083175503478,
    0.8465736673802745,
    0.8417701774713945,
    0.8328995862785651,
    0.8319116957333623,
    0.8205021332721321,
    0.8221604763245096,
    0.8164347110962381,
    0.8152475434906629,
    0.8102002613398493
  ],
  "train_acc": [
    0.29285714285714287,
    0.514030612244898,
    0.5821428571428572,
    0.6030612244897959,
    0.6211734693877551,
    0.684438775510204,
    0.7724489795918368,
    0.8160714285714286,
    0.8520408163265306,
    0.878061224489796,
    0.8954081632653061,
    0.911734693877551,
    0.9145408163265306,
    0.9318877551020408,
    0.9443877551020409,
    0.9520408163265306,
    0.9640306122448979,
    0.9637755102040816,
    0.9663265306122449,
    0.9683673469387755,
    0.9737244897959184,
    0.9711734693877551,
    0.9780612244897959,
    0.9719387755102041,
    0.9803571428571428,
    0.9811224489795919,
    0.9798469387755102,
    0.9803571428571428,
    0.9821428571428571
  ],
  "val_loss": [
    3.5696203134497817,
    3.292159232314752,
    3.0580594179581624,
    2.8613819414255572,
    2.675072979927063,
    1.468822127945569,
    1.355528178506968,
    1.272045710622048,
    1.2523788354834733,
    1.2175733653866514,
    1.1999062414071997,
    1.1777677424099982,
    1.1705405731590426,
    1.1677653210503713,
    1.149183318566303,
    1.1384920728449919,
    1.1417133508896342,
    1.1367994542024573,
    1.1385798717031674,
    1.1329398646646616,
    1.1281527076448714,
    1.1180638089471935,
    1.1392811025891985,
    1.1298851723573646,
    1.1274459663702516,
    1.1245187808056267,
    1.1280845875642738,
    1.1330839093850584,
    1.1233468299009362
  ],
  "val_acc": [
    0.49183673469387756,
    0.55,
    0.5816326530612245,
    0.5918367346938775,
    0.6163265306122448,
    0.7479591836734694,
    0.7877551020408163,
    0.7979591836734694,
    0.8153061224489796,
    0.8214285714285714,
    0.8295918367346938,
    0.8367346938775511,
    0.8357142857142857,
    0.8285714285714286,
    0.8336734693877551,
    0.8510204081632653,
    0.8581632653061224,
    0.85,
    0.8479591836734693,
    0.8510204081632653,
    0.85,
    0.8510204081632653,
    0.8448979591836735,
    0.8520408163265306,
    0.8540816326530613,
    0.8540816326530613,
    0.8479591836734693,
    0.8530612244897959,
    0.8510204081632653
  ],
  "val_top5": [
    0.85,
    0.8928571428571429,
    0.9040816326530612,
    0.9132653061224489,
    0.9224489795918367,
    0.9816326530612245,
    0.9846938775510204,
    0.9897959183673469,
    0.9857142857142858,
    0.986734693877551,
    0.9836734693877551,
    0.9826530612244898,
    0.9857142857142858,
    0.9846938775510204,
    0.9836734693877551,
    0.986734693877551,
    0.9836734693877551,
    0.9836734693877551,
    0.9857142857142858,
    0.9826530612244898,
    0.9836734693877551,
    0.9857142857142858,
    0.9816326530612245,
    0.9836734693877551,
    0.9816326530612245,
    0.9816326530612245,
    0.9816326530612245,
    0.9785714285714285,
    0.9806122448979592
  ],
  "lr": [
    0.0002991810233575568,
    0.0002967330663097039,
    0.0002926829491861254,
    0.00028707504591756876,
    0.00027997079786577355,
    0.00015,
    0.00015,
    0.00015,
    0.00015,
    0.00015,
    0.00015,
    0.00015,
    0.00015,
    0.00015,
    0.00015,
    2.9999999999999997e-05,
    2.9999999999999997e-05,
    2.9999999999999997e-05,
    2.9999999999999997e-05,
    2.9999999999999997e-05,
    2.9999999999999997e-05,
    2.9999999999999997e-05,
    2.9999999999999997e-05,
    2.9999999999999997e-05,
    2.9999999999999997e-05,
    2.9999999999999997e-05,
    2.9999999999999997e-05,
    2.9999999999999997e-05,
    2.9999999999999997e-05
  ],
  "best_val_accuracy": 0.8581632653061224,
  "test_accuracy": 0.8653061224489796,
  "test_top5_accuracy": 0.9836734693877551,
  "config": {
    "epochs": 30,
    "lr": 0.0003,
    "weight_decay": 0.0001,
    "label_smoothing": 0.1,
    "patience": 7,
    "phase1_end": 5,
    "phase2_end": 15
  },
  "num_classes": 49,
  "total_train_images": 3920
}